id_cliente,zona,tipo_cliente,consumo_kwh,monto_factura,tipo_medidor,fecha_lectura,reclamos,estado_pago,energia_reactiva
1,Oeste,Residencial,204.46,160.54,Digital,2023-05-28,0,Pagado,19.69
2,Centro,Comercial,,,Digital,2023-12-19,0,Pagado,11.52
3,Este,Residencial,,180.09,Analógico,2024-01-21,0,Pagado,25.73
4,Centro,Comercial,166.13,103.02,Digital,2023-12-18,0,Pagado,2.14
5,Centro,Residencial,,,Digital,2024-02-23,0,Pagado,16.4
6,Sur,Residencial,258.68,168.99,Analógico,2023-01-30,0,Pagado,23.01
7,Este,Comercial,127.17,99.26,Digital,2024-02-12,0,Pagado,21.84
8,Este,Residencial,74.37,47.64,Digital,2024-08-21,0,Pagado,46.93
9,Este,Residencial,63.25,46.03,Analógico,2024-05-23,0,Pagado,23.5
10,Centro,Industrial,225.45,169.92,Digital,2024-06-13,1,Pagado,9.96
11,Oeste,Industrial,83.97,,Digital,2023-12-22,0,Pagado,19.05
12,Este,Residencial,311.61,,Digital,2023-07-16,1,Vencido,2.24
13,Centro,Residencial,23.86,15.38,Digital,2024-07-02,0,Pagado,19.19
14,Sur,Residencial,307.23,173.4,Digital,2023-09-06,0,Pagado,11.67
15,Oeste,Residencial,195.83,144.12,Digital,2023-02-10,0,Pagado,29.15
16,Sur,Residencial,172.75,131.29,Digital,2024-03-28,0,Vencido,14.5
17,Oeste,Residencial,139.13,75.32,Analógico,2024-01-12,0,Pagado,18.83
18,Centro,Comercial,209.94,103.87,Digital,2023-06-29,0,Pagado,13.64
19,Norte,Comercial,177.18,126.19,Digital,2023-07-04,0,Pagado,37.39
20,Oeste,Comercial,262.75,133.98,Digital,2024-06-18,0,Pagado,16.79
21,Sur,Residencial,188.57,137.48,,2023-10-18,0,Pagado,38.33
22,Centro,Residencial,191.27,108.93,,2023-11-30,0,Pagado,28.14
23,Oeste,Residencial,152.73,101.87,Analógico,2023-12-28,0,Pagado,24.82
24,Norte,Residencial,175.73,77.01,Analógico,2024-07-31,0,Vencido,23.69
25,Norte,Residencial,203.09,131.92,Analógico,2024-03-03,0,Pagado,23.94
26,Este,Comercial,51.74,30.05,Analógico,2024-02-06,1,Pagado,0.72
27,Este,Residencial,78.89,50.07,Digital,2023-07-07,0,Pagado,17.21
28,Sur,Residencial,235.74,110.14,Digital,2023-05-28,1,Pagado,28.45
29,Oeste,Residencial,192.81,133.95,Analógico,2024-03-06,0,Pagado,19.51
30,Oeste,Comercial,166.2,123.84,Digital,2023-12-10,0,Pagado,5.95
31,Este,Residencial,181.38,88.28,Digital,2024-07-31,0,Pagado,19.48
32,Oeste,Residencial,206.07,90.32,Digital,2024-07-12,0,Pendiente,37.04
33,Oeste,Residencial,139.52,,Analógico,2024-02-10,1,Vencido,32.47
34,Norte,Comercial,,79.89,Digital,2023-02-19,0,Pagado,19.38
35,Este,Residencial,194.69,125.15,Digital,2024-02-03,0,Pagado,29.51
36,Centro,Comercial,,65.96,Digital,2023-04-15,0,Vencido,16.33
37,Este,Comercial,210.62,103.79,Analógico,2023-10-25,0,Pagado,2.96
38,Centro,Residencial,52.31,29.1,Analógico,2024-04-06,1,Pendiente,10.76
39,Norte,Residencial,257.19,164.03,Digital,2023-03-31,0,Pagado,35.63
40,Sur,Industrial,215.44,128.99,Digital,2023-11-13,0,Pagado,17.26
41,Oeste,Residencial,,158.39,Digital,2023-02-10,0,Pagado,17.57
42,Norte,Residencial,253.7,115.33,Digital,2023-04-25,0,Pagado,17.0
43,Oeste,Comercial,304.91,206.75,Analógico,2023-05-25,0,Pagado,39.04
44,Sur,Comercial,256.08,143.85,Digital,2023-05-01,0,Pagado,36.26
45,Sur,Industrial,41.93,23.95,Digital,2023-05-25,0,Pagado,42.19
46,Norte,Comercial,84.03,,Analógico,2023-04-15,0,Pagado,18.41
47,Sur,Residencial,133.14,90.13,Digital,2023-01-14,0,Pagado,22.96
48,Centro,Residencial,,144.93,Digital,2024-01-20,0,Vencido,4.83
49,Sur,Comercial,218.82,98.77,Analógico,2024-05-19,0,Pagado,34.77
50,Oeste,Residencial,125.57,55.46,Digital,2023-03-24,0,Pendiente,8.32
51,Oeste,Residencial,194.01,133.82,Analógico,2024-07-04,0,Pagado,22.17
52,Oeste,Comercial,123.35,77.88,Digital,2023-05-13,0,Pagado,9.03
53,Oeste,Residencial,134.14,68.37,Digital,2024-06-01,0,Vencido,14.11
54,Centro,Residencial,74.5,32.17,Digital,2023-07-12,0,Pagado,11.63
55,Este,Residencial,110.76,48.1,Digital,2024-07-14,0,Pagado,13.92
56,Norte,Residencial,78.62,59.57,Analógico,2023-08-04,0,Pagado,14.61
57,Oeste,Residencial,,50.92,Digital,2023-09-01,0,Pagado,14.52
58,Sur,Residencial,259.02,137.11,Digital,2024-03-19,0,Pagado,28.33
59,Oeste,Residencial,108.8,53.38,,2023-09-24,0,Vencido,8.95
60,Sur,Residencial,377.43,204.57,,2023-01-07,0,Pagado,22.21
61,Sur,Comercial,217.0,92.83,Digital,2024-02-16,0,Pagado,32.18
62,Oeste,Residencial,193.86,117.79,Analógico,2024-08-19,0,Pagado,14.87
63,Centro,Industrial,115.62,49.37,Digital,2024-05-16,0,Pagado,12.82
64,Sur,Residencial,232.52,167.45,Digital,2024-08-06,0,Pagado,17.69
65,Sur,Residencial,136.83,67.52,Analógico,2023-12-17,0,Pagado,31.8
66,Oeste,Comercial,189.15,116.52,Digital,2024-03-19,0,Pagado,21.94
67,Sur,Residencial,372.01,279.76,Analógico,2024-07-17,0,Pagado,14.69
68,Sur,Industrial,172.8,114.11,Analógico,2024-03-26,0,Pagado,24.84
69,Oeste,Residencial,,163.23,Analógico,2023-05-02,0,Pagado,8.98
70,Oeste,Industrial,127.26,67.41,Digital,2024-05-28,0,Pagado,26.81
71,Norte,Residencial,177.38,94.58,Digital,2024-07-31,0,Pagado,24.09
72,Centro,Comercial,312.81,208.89,Analógico,2023-05-22,0,Pendiente,16.92
73,Centro,Residencial,132.98,106.07,Digital,2023-02-08,0,Pagado,11.61
74,Sur,Industrial,315.93,210.01,Digital,2023-03-20,0,Pagado,11.13
75,Centro,Residencial,233.08,145.24,Analógico,2024-05-27,0,Pagado,25.35
76,Sur,Residencial,137.81,95.4,Digital,2023-06-16,0,Pagado,32.29
77,Norte,Industrial,227.43,,,2023-08-26,0,Pagado,13.63
78,Oeste,Residencial,252.94,107.26,Digital,2023-10-20,1,Pagado,24.58
79,Oeste,Residencial,226.64,141.63,Digital,2024-04-05,0,Pagado,-0.87
80,Oeste,Residencial,62.23,48.73,Digital,2023-08-05,1,Pagado,14.15
81,Centro,Residencial,,58.98,Digital,2023-01-10,0,Pagado,19.69
82,Norte,Residencial,161.44,109.13,Digital,2024-05-05,1,Pagado,10.9
83,Centro,Residencial,174.42,83.79,Digital,2023-10-24,0,Pagado,10.63
84,Centro,Comercial,226.55,139.18,Analógico,2023-11-05,0,Pagado,13.32
85,Norte,Residencial,193.33,84.81,Digital,2023-06-08,0,Vencido,22.92
86,Norte,Residencial,79.85,46.32,Digital,2023-07-04,0,Pendiente,18.13
87,Norte,Industrial,208.51,146.47,Analógico,2023-05-25,0,Pendiente,-2.38
88,Norte,Comercial,225.79,121.71,Analógico,2023-02-01,0,Pendiente,-1.21
89,Oeste,Residencial,221.98,147.83,Digital,2023-06-17,0,Vencido,13.93
90,Este,Residencial,261.06,187.49,Digital,2023-01-28,0,Pagado,24.58
91,Este,Residencial,242.54,186.97,Digital,2023-11-09,0,Pagado,-7.48
92,Norte,Residencial,214.44,,Digital,2023-01-02,0,Pagado,15.0
93,Este,Residencial,174.74,97.81,Analógico,2024-03-26,1,Pagado,14.74
94,Este,Residencial,55.43,25.55,Digital,2024-08-15,0,Pagado,33.88
95,Norte,Residencial,212.22,169.14,Analógico,2024-01-30,1,Pagado,16.15
96,Este,Residencial,195.58,150.75,Digital,2024-01-21,0,Pagado,23.83
97,Centro,Industrial,200.37,123.42,Digital,2023-02-11,0,Pagado,21.41
98,Sur,Industrial,84.24,62.07,Digital,2023-05-09,0,Vencido,-1.31
99,Sur,Residencial,98.92,60.18,,2023-05-09,0,Pagado,27.68
100,Norte,Residencial,,168.2,Analógico,2023-08-16,0,Pagado,22.15
101,Oeste,Residencial,177.03,77.12,Digital,2023-12-29,0,Pagado,25.08
102,Norte,Comercial,231.11,162.26,,2023-02-24,0,Pagado,59.26
103,Oeste,Residencial,182.12,82.15,Digital,2024-04-17,1,Pendiente,-0.84
104,Sur,Residencial,,133.11,Analógico,2023-07-15,0,Pagado,37.25
105,Norte,Comercial,250.37,178.47,Digital,2023-06-01,0,Pendiente,17.13
106,Centro,Comercial,141.3,96.58,Digital,2023-09-15,0,Pagado,22.87
107,Este,Comercial,,77.59,Analógico,2023-08-17,0,Pagado,19.54
108,Oeste,Comercial,145.33,75.75,Analógico,2023-03-12,0,Pagado,15.76
109,Este,Residencial,147.41,74.48,,2023-07-10,0,Pagado,14.3
110,Este,Residencial,156.81,85.31,Digital,2023-01-30,0,Pagado,23.3
111,Norte,Comercial,196.66,85.56,Analógico,2023-11-24,0,Pagado,4.83
112,Este,Comercial,144.09,111.64,Analógico,2023-11-29,0,Pagado,27.51
113,Centro,Residencial,274.18,170.41,Analógico,2023-07-27,0,Vencido,15.84
114,Este,Residencial,112.9,58.96,Analógico,2024-01-15,1,Pagado,8.7
115,Norte,Residencial,165.98,92.75,Digital,2024-05-09,0,Pendiente,15.5
116,Centro,Comercial,147.02,85.11,,2023-08-31,0,Pagado,32.57
117,Sur,Industrial,288.52,184.72,Digital,2023-12-25,0,Pagado,14.65
118,Este,Residencial,194.74,118.07,Digital,2023-03-09,1,Pagado,23.58
119,Norte,Residencial,257.39,197.61,Analógico,2023-03-01,0,Pagado,12.69
120,Sur,Residencial,68.58,,Digital,2024-08-09,0,Pagado,27.58
121,Sur,Industrial,200.03,159.4,Digital,2023-12-09,0,Pagado,26.86
122,Oeste,Comercial,246.72,182.71,Digital,2023-11-08,0,Pagado,38.49
123,Centro,Comercial,186.17,90.0,Digital,2024-02-22,0,Vencido,18.24
124,Este,Residencial,259.91,200.71,Analógico,2023-04-07,0,Pagado,26.69
125,Norte,Residencial,,63.05,Digital,2023-03-29,0,Pendiente,20.98
126,Oeste,Residencial,,207.7,Analógico,2023-05-01,0,Pagado,32.96
127,Centro,Residencial,352.42,194.62,Digital,2024-08-08,0,Pagado,12.81
128,Oeste,Comercial,152.79,114.77,,2024-01-21,0,Pagado,27.45
129,Centro,Comercial,146.59,109.54,Analógico,2023-02-23,0,Pagado,18.05
130,Centro,Industrial,289.0,208.76,Digital,2023-04-02,0,Pagado,19.36
131,Este,Industrial,298.47,213.71,Analógico,2024-03-31,1,Pagado,20.92
132,Centro,Residencial,140.79,73.47,Digital,2023-08-10,0,Pagado,22.52
133,Oeste,Comercial,148.49,64.2,Analógico,2023-03-18,0,Pagado,18.84
134,Centro,Comercial,158.87,89.16,Digital,2023-09-21,0,Pendiente,22.15
135,Este,Comercial,79.17,,Digital,2023-07-01,0,Pendiente,35.78
136,Este,Residencial,111.1,75.32,Digital,2023-08-02,0,Pagado,29.85
137,Oeste,Residencial,104.69,56.37,Analógico,2024-01-11,0,Pagado,28.69
138,Sur,Residencial,122.42,,Analógico,2023-03-01,0,Pagado,15.44
139,Sur,Industrial,177.4,,Analógico,2023-01-22,0,Pagado,11.11
140,Centro,Residencial,197.57,144.03,Analógico,2023-12-05,0,Pagado,29.55
141,Norte,Residencial,296.29,134.22,Digital,2024-04-18,0,Pagado,28.76
142,Centro,Residencial,105.12,,Digital,2023-09-08,0,Pagado,34.73
143,Oeste,Residencial,253.82,195.21,Digital,2024-08-04,0,Pagado,13.96
144,Oeste,Residencial,163.95,97.52,Digital,2023-12-26,0,Pagado,17.7
145,Oeste,Residencial,176.29,,Digital,2023-09-08,0,Pendiente,3.61
146,Oeste,Residencial,230.61,162.79,Digital,2024-01-15,0,Pendiente,16.08
147,Oeste,Residencial,95.8,45.02,Analógico,2023-09-27,0,Pagado,29.97
148,Este,Comercial,208.68,125.42,Digital,2024-08-17,0,Vencido,15.34
149,Sur,Residencial,192.48,107.69,Digital,2024-07-13,0,Vencido,26.4
150,Oeste,Comercial,216.93,,Digital,2023-05-25,0,Pagado,18.09
151,Norte,Residencial,201.69,110.33,Analógico,2024-01-22,1,Pagado,23.24
152,Norte,Residencial,364.15,155.59,Digital,2024-04-05,0,Pagado,8.52
153,Norte,Comercial,,54.23,Digital,2024-06-04,0,Vencido,20.85
154,Norte,Residencial,140.18,63.65,Digital,2023-07-06,0,Pendiente,-9.91
155,Este,Residencial,133.26,104.64,Digital,2023-06-25,0,Pagado,18.13
156,Norte,Residencial,138.34,85.74,Analógico,2024-02-29,0,Pagado,3.7
157,Oeste,Comercial,132.2,103.95,Digital,2023-12-21,0,Pagado,32.06
158,Centro,Residencial,269.18,154.24,Analógico,2023-01-14,1,Pagado,27.77
159,Norte,Comercial,,150.36,Digital,2023-11-10,0,Pagado,24.67
160,Este,Residencial,137.19,82.65,Analógico,2023-01-27,0,Pendiente,35.21
161,Este,Residencial,117.57,67.7,Digital,2023-11-08,0,Pagado,10.51
162,Norte,Residencial,,95.25,Digital,2024-07-13,0,Pendiente,37.47
163,Centro,Residencial,138.58,90.95,,2024-06-13,0,Pendiente,29.32
164,Norte,Residencial,227.47,110.64,Digital,2024-06-15,0,Pagado,17.63
165,Este,Residencial,195.22,126.47,Analógico,2024-03-24,0,Pagado,31.36
166,Sur,Residencial,66.32,43.78,Digital,2024-05-21,0,Pagado,8.94
167,Oeste,Comercial,296.06,136.43,Digital,2023-05-29,0,Pagado,11.75
168,Este,Residencial,,133.6,Digital,2024-07-14,0,Pagado,13.91
169,Norte,Residencial,134.04,95.48,Analógico,2023-01-15,0,Pagado,14.71
170,Oeste,Comercial,150.92,88.13,Digital,2023-05-04,0,Pagado,9.43
171,Norte,Residencial,201.44,85.26,Digital,2024-05-18,0,Pagado,32.23
172,Norte,Residencial,205.08,163.64,Analógico,2023-07-03,0,Pagado,17.41
173,Sur,Comercial,229.39,97.06,Digital,2023-10-27,0,Pagado,23.53
174,Oeste,Comercial,,224.27,Analógico,2024-02-26,1,Pagado,14.3
175,Oeste,Residencial,166.73,132.3,,2023-07-06,0,Pagado,1.79
176,Sur,Comercial,120.13,59.55,Analógico,2023-10-08,0,Pagado,22.7
177,Este,Residencial,76.55,,Digital,2024-02-11,1,Pagado,0.88
178,Norte,Residencial,125.18,56.15,Digital,2024-05-01,0,Pagado,19.31
179,Centro,Residencial,177.52,92.54,Analógico,2024-08-03,0,Pagado,6.32
180,Norte,Industrial,314.59,,Analógico,2024-08-01,0,Pagado,39.87
181,Norte,Residencial,141.18,,Analógico,2023-03-07,0,Pagado,29.11
182,Este,Residencial,196.78,83.62,Digital,2024-05-12,0,Pendiente,21.06
183,Norte,Residencial,178.77,107.94,Analógico,2024-05-08,0,Pagado,32.64
184,Sur,Residencial,,214.95,Digital,2023-08-19,0,Pagado,11.54
185,Sur,Residencial,369.52,268.12,Analógico,2023-07-23,0,Pagado,25.43
186,Oeste,Residencial,140.18,90.57,Analógico,2024-01-20,0,Pagado,22.0
187,Centro,Residencial,143.29,74.87,Digital,2023-10-02,0,Pagado,22.64
188,Norte,Residencial,258.31,167.79,Analógico,2023-09-27,0,Pagado,32.72
189,Norte,Residencial,231.14,141.18,Digital,2024-08-22,0,Pagado,27.32
190,Este,Residencial,318.5,181.68,Digital,2023-01-01,1,Pagado,22.89
191,Sur,Residencial,223.79,101.22,Digital,2023-10-11,1,Pagado,3.45
192,Centro,Residencial,153.05,115.5,Digital,2023-05-17,0,Pagado,10.4
193,Oeste,Comercial,224.3,130.07,,2023-07-05,1,Pagado,18.77
194,Sur,Residencial,263.15,125.75,Analógico,2023-08-11,0,Vencido,20.93
195,Oeste,Residencial,241.54,132.15,Analógico,2023-07-25,1,Pagado,8.7
196,Este,Residencial,218.05,123.34,Analógico,2023-01-01,0,Pagado,44.12
197,Este,Residencial,260.0,190.06,Digital,2024-05-24,0,Pagado,35.16
198,Norte,Residencial,267.7,185.64,Analógico,2023-09-17,0,Pagado,26.02
199,Centro,Residencial,283.66,200.75,Digital,2024-01-29,0,Pagado,20.72
200,Oeste,Residencial,228.65,92.47,Digital,2023-12-31,0,Pagado,17.88
201,Sur,Residencial,167.47,,Digital,2023-02-11,0,Pagado,10.48
202,Este,Residencial,191.0,,Digital,2023-10-24,0,Pagado,20.77
203,Norte,Residencial,270.49,,Analógico,2023-07-28,0,Pagado,22.58
204,Norte,Residencial,118.73,59.83,Digital,2024-02-08,0,Pagado,7.58
205,Oeste,Residencial,207.65,146.21,Digital,2024-04-21,0,Pendiente,23.34
206,Este,Residencial,150.5,68.45,Analógico,2023-11-12,0,Pagado,18.45
207,Centro,Residencial,182.16,111.87,Analógico,2024-05-21,0,Pagado,0.92
208,Este,Residencial,275.88,134.1,Digital,2023-07-06,0,Pagado,11.4
209,Oeste,Residencial,194.33,78.67,Digital,2024-02-11,0,Pagado,15.86
210,Oeste,Comercial,183.48,91.09,Digital,2024-07-26,0,Pagado,38.88
211,Este,Residencial,78.01,61.66,Digital,2023-03-17,1,Pagado,25.57
212,Oeste,Residencial,235.97,170.04,Digital,2024-05-06,0,Pagado,6.65
213,Este,Comercial,,179.03,Digital,2023-05-29,0,Pagado,24.86
214,Sur,Comercial,342.24,203.68,,2023-09-30,1,Pagado,4.53
215,Este,Residencial,156.92,69.66,Analógico,2023-09-16,0,Pagado,30.83
216,Este,Residencial,196.44,121.63,Digital,2023-06-24,0,Pendiente,15.29
217,Oeste,Comercial,198.7,115.59,Digital,2024-02-27,0,Pagado,19.06
218,Oeste,Comercial,298.31,220.08,Digital,2024-08-01,0,Pagado,33.26
219,Norte,Residencial,172.85,75.92,,2023-03-12,0,Pagado,7.13
220,Norte,Residencial,200.93,119.61,Digital,2023-11-25,0,Pagado,6.03
221,Sur,Residencial,225.59,103.78,Digital,2023-11-13,0,Pendiente,14.16
222,Norte,Residencial,194.0,102.79,Digital,2023-12-04,1,Pagado,30.38
223,Este,Residencial,146.52,101.82,Digital,2024-05-04,0,Pagado,4.81
224,Oeste,Residencial,194.56,114.87,Digital,2023-12-29,0,Pagado,-8.32
225,Norte,Residencial,260.52,143.38,Analógico,2024-07-15,0,Pagado,15.49
226,Norte,Comercial,103.01,57.46,Digital,2023-11-20,0,Pagado,25.52
227,Sur,Residencial,,110.9,Analógico,2023-04-07,0,Pagado,32.0
228,Sur,Residencial,127.49,91.03,Analógico,2024-08-18,0,Pagado,15.37
229,Este,Comercial,269.63,204.07,Digital,2023-05-10,0,Pagado,15.89
230,Oeste,Comercial,65.76,51.43,Digital,2024-07-01,0,Pagado,31.54
231,Sur,Residencial,138.08,98.69,Digital,2023-10-14,0,Pendiente,1.3
232,Norte,Residencial,208.29,109.59,Digital,2024-08-03,0,Pendiente,16.11
233,Oeste,Residencial,297.41,200.83,Digital,2023-10-07,0,Pendiente,21.9
234,Oeste,Residencial,175.07,100.67,Digital,2023-08-23,0,Pagado,24.49
235,Norte,Residencial,138.36,69.44,Digital,2023-09-26,0,Pagado,14.9
236,Sur,Residencial,321.09,236.43,Analógico,2023-09-22,0,Pendiente,20.34
237,Norte,Residencial,71.4,29.66,Analógico,2023-09-16,0,Pagado,-4.88
238,Oeste,Residencial,15.09,11.48,Analógico,2024-08-12,0,Pagado,13.42
239,Centro,Residencial,213.0,124.52,,2024-02-21,1,Pendiente,24.54
240,Centro,Residencial,142.35,93.22,Analógico,2023-04-17,0,Pendiente,10.18
241,Este,Residencial,,68.64,Analógico,2023-04-23,1,Pagado,20.59
242,Norte,Residencial,233.13,,Analógico,2024-03-24,0,Pagado,24.47
243,Norte,Residencial,198.29,129.81,Digital,2023-10-27,1,Pagado,16.57
244,Este,Comercial,137.69,88.89,Analógico,2023-11-23,0,Pendiente,21.7
245,Este,Residencial,83.98,35.83,Digital,2023-12-29,1,Vencido,10.37
246,Este,Residencial,245.43,149.07,Analógico,2024-04-12,1,Pagado,17.93
247,Oeste,Comercial,228.77,105.25,Digital,2024-03-30,0,Pagado,26.1
248,Norte,Residencial,172.56,119.92,Analógico,2024-06-24,1,Pendiente,21.57
249,Oeste,Residencial,318.5,192.66,,2024-01-17,0,Pagado,14.13
250,Este,Residencial,99.74,,Digital,2023-10-01,0,Pagado,22.24
251,Norte,Residencial,65.59,27.33,Analógico,2024-08-17,0,Vencido,27.15
252,Oeste,Comercial,128.11,,Analógico,2023-11-20,0,Pagado,-0.5
253,Oeste,Residencial,176.58,121.23,Analógico,2024-01-09,0,Pagado,31.59
254,Este,Residencial,198.25,85.02,Analógico,2023-12-12,0,Pagado,16.64
255,Norte,Residencial,161.91,69.38,Analógico,2023-08-06,1,Pagado,24.25
256,Este,Residencial,206.4,83.56,Analógico,2023-11-28,0,Pendiente,31.97
257,Norte,Residencial,86.13,67.41,Digital,2023-09-22,0,Pagado,6.28
258,Centro,Residencial,288.28,200.36,Digital,2023-09-16,1,Vencido,12.91
259,Sur,Residencial,173.84,94.1,,2024-02-16,1,Pagado,17.11
260,Sur,Industrial,263.8,136.81,,2023-04-14,1,Pagado,12.16
261,Sur,Residencial,205.7,111.05,Digital,2023-06-05,0,Pagado,37.35
262,Este,Residencial,,152.09,Analógico,2024-08-10,1,Pagado,11.43
263,Centro,Residencial,222.73,148.01,Analógico,2024-05-18,0,Pagado,14.44
264,Norte,Residencial,213.58,101.25,Digital,2023-12-01,0,Pagado,22.04
265,Oeste,Residencial,228.2,107.17,Analógico,2023-04-24,0,Pagado,7.98
266,Norte,Residencial,279.69,122.88,Analógico,2023-08-09,0,Pagado,16.04
267,Oeste,Residencial,194.74,129.33,Digital,2023-01-03,0,Pagado,23.17
268,Norte,Residencial,233.18,164.57,Digital,2023-06-13,0,Pagado,16.67
269,Centro,Residencial,173.27,87.68,Digital,2023-04-08,0,Pagado,19.07
270,Oeste,Comercial,288.01,117.62,Digital,2023-05-14,0,Pagado,14.71
271,Este,Residencial,129.27,55.96,Digital,2023-02-26,0,Pagado,4.86
272,Norte,Residencial,315.07,248.01,Analógico,2024-04-13,0,Pagado,23.22
273,Norte,Residencial,176.99,91.71,Analógico,2023-02-03,0,Pagado,37.55
274,Oeste,Industrial,72.69,51.44,Analógico,2024-04-06,0,Pagado,20.18
275,Este,Residencial,189.61,,Digital,2024-05-30,0,Pendiente,22.25
276,Este,Residencial,128.92,71.26,Digital,2024-04-22,0,Pendiente,26.93
277,Centro,Industrial,243.05,117.22,Digital,2023-01-10,1,Pagado,7.31
278,Este,Comercial,131.05,58.78,Digital,2023-10-26,0,Pagado,37.03
279,Este,Comercial,146.54,94.67,Digital,2023-07-15,0,Pendiente,22.02
280,Este,Residencial,38.28,27.17,Analógico,2024-03-25,0,Pagado,36.32
281,Sur,Residencial,146.08,96.06,Digital,2023-07-05,0,Pendiente,12.67
282,Centro,Residencial,-1.79,,Digital,2024-07-21,0,Pendiente,38.18
283,Norte,Comercial,61.21,25.51,Digital,2024-04-16,0,Pendiente,27.75
284,Oeste,Residencial,237.03,186.64,Analógico,2023-03-10,0,Pagado,25.53
285,Norte,Residencial,238.94,171.91,Digital,2023-06-08,0,Pagado,22.34
286,Centro,Residencial,211.91,109.58,Analógico,2024-03-07,0,Pagado,17.51
287,Oeste,Comercial,107.48,85.12,Analógico,2023-08-15,0,Pagado,32.01
288,Centro,Residencial,,113.04,Analógico,2024-05-14,0,Pagado,21.4
289,Este,Residencial,179.73,113.76,Digital,2024-03-27,0,Pagado,0.33
290,Oeste,Residencial,93.12,65.11,Digital,2024-05-12,0,Pagado,8.83
291,Este,Residencial,292.75,212.16,Analógico,2024-04-01,0,Pendiente,18.14
292,Norte,Residencial,245.8,162.86,Analógico,2023-07-08,1,Pagado,23.1
293,Norte,Residencial,163.43,73.75,Digital,2023-08-09,1,Vencido,19.43
294,Oeste,Residencial,182.02,97.44,Analógico,2024-02-06,0,Pendiente,32.19
295,Oeste,Residencial,195.63,150.88,Analógico,2023-05-16,0,Pagado,0.49
296,Centro,Residencial,26.87,13.16,Digital,2024-03-04,0,Pagado,21.44
297,Centro,Residencial,161.46,88.62,,2023-02-22,0,Pendiente,1.82
298,Este,Residencial,128.85,73.81,Analógico,2023-12-05,0,Pagado,27.6
299,Oeste,Residencial,104.88,60.39,Analógico,2023-06-23,1,Pagado,19.06
300,Norte,Residencial,158.92,,Analógico,2023-03-13,1,Pagado,24.2
301,Centro,Residencial,314.83,244.7,Digital,2024-02-22,0,Pagado,11.36
302,Centro,Residencial,228.06,113.18,Digital,2023-08-31,0,Pagado,32.79
303,Norte,Residencial,,61.53,Digital,2023-07-27,0,Pagado,30.42
304,Centro,Industrial,222.94,106.79,Analógico,2024-08-08,0,Pagado,25.84
305,Este,Residencial,284.95,215.07,Digital,2024-06-13,0,Pagado,18.7
306,Oeste,Comercial,249.35,164.15,Analógico,2024-08-23,0,Pagado,25.8
307,Norte,Residencial,184.47,94.88,Digital,2023-01-26,0,Pagado,12.93
308,Oeste,Residencial,131.48,95.5,Digital,2023-09-29,0,Pagado,28.56
309,Centro,Comercial,232.37,173.01,Digital,2023-11-15,0,Vencido,36.49
310,Centro,Residencial,209.51,154.75,Digital,2024-02-09,1,Pagado,30.71
311,Norte,Residencial,,189.7,Digital,2023-11-15,0,Pagado,12.7
312,Este,Residencial,227.64,114.02,Analógico,2023-02-09,0,Pagado,23.61
313,Sur,Residencial,258.72,,Digital,2023-09-01,0,Pagado,7.07
314,Norte,Comercial,139.86,81.71,Analógico,2023-10-12,0,Pagado,25.72
315,Sur,Comercial,278.8,205.42,Digital,2024-05-13,0,Pendiente,24.51
316,Sur,Industrial,194.82,134.7,Analógico,2023-05-27,0,Pagado,1.3
317,Este,Residencial,335.64,238.5,Analógico,2024-06-25,1,Pendiente,8.38
318,Sur,Comercial,128.31,85.0,Digital,2023-02-13,0,Pagado,17.17
319,Sur,Comercial,310.2,146.1,Analógico,2023-03-03,1,Pagado,16.99
320,Este,Residencial,194.84,120.41,Digital,2023-01-15,0,Pagado,7.91
321,Sur,Residencial,131.14,104.11,Digital,2024-06-07,0,Vencido,23.89
322,Sur,Comercial,143.71,,Analógico,2023-02-23,0,Pagado,22.51
323,Sur,Residencial,155.97,65.08,Analógico,2023-04-18,0,Pagado,18.06
324,Norte,Comercial,211.81,98.69,Digital,2024-03-15,0,Pagado,12.44
325,Norte,Residencial,219.21,99.23,Analógico,2023-08-01,0,Pagado,30.49
326,Norte,Comercial,136.97,94.56,Digital,2024-08-09,0,Pagado,36.55
327,Este,Residencial,178.17,129.55,Digital,2023-01-11,1,Pagado,15.16
328,Centro,Residencial,340.67,165.36,Digital,2024-02-29,1,Pagado,13.88
329,Sur,Residencial,309.57,186.47,Digital,2023-04-18,1,Pagado,24.91
330,Sur,Comercial,212.72,156.62,,2024-08-04,0,Pagado,16.42
331,Este,Residencial,182.85,126.74,Digital,2024-07-23,0,Pendiente,18.61
332,Sur,Residencial,,116.59,,2024-02-28,0,Pendiente,27.4
333,Norte,Residencial,226.01,143.77,,2024-05-12,0,Pendiente,0.91
334,Centro,Comercial,103.29,62.32,Digital,2023-11-14,0,Pagado,33.18
335,Oeste,Residencial,160.7,83.41,Digital,2024-04-30,0,Pagado,20.73
336,Sur,Comercial,54.86,34.34,Digital,2023-03-09,0,Pagado,15.89
337,Norte,Residencial,209.94,141.83,Digital,2024-01-25,0,Pagado,19.11
338,Oeste,Residencial,228.54,171.25,Digital,2023-12-01,1,Pagado,19.62
339,Centro,Residencial,143.76,94.09,Digital,2024-07-25,0,Pagado,2.69
340,Oeste,Residencial,298.05,209.96,,2024-08-13,0,Pagado,34.95
341,Norte,Comercial,88.07,40.87,Analógico,2023-08-30,0,Pagado,20.41
342,Oeste,Residencial,70.17,41.02,Digital,2024-01-07,1,Pendiente,24.43
343,Este,Residencial,196.83,79.47,Analógico,2023-07-10,0,Pagado,29.52
344,Oeste,Comercial,258.53,128.92,Digital,2024-04-25,0,Pagado,9.79
345,Sur,Residencial,306.29,211.52,Digital,2024-06-21,0,Pagado,24.73
346,Sur,Residencial,145.58,115.99,Digital,2024-02-24,0,Pagado,17.32
347,Este,Comercial,260.9,114.71,Analógico,2023-04-27,0,Pagado,28.47
348,Norte,Residencial,177.11,99.29,Analógico,2024-06-21,0,Pendiente,-1.27
349,Sur,Residencial,167.05,120.28,Digital,2023-11-28,0,Pendiente,19.01
350,Centro,Comercial,246.27,118.61,Analógico,2023-06-10,0,Pagado,13.97
351,Sur,Residencial,228.92,142.4,Digital,2024-06-05,0,Vencido,24.32
352,Sur,Residencial,61.77,42.82,Analógico,2024-06-23,1,Vencido,24.7
353,Norte,Residencial,290.74,187.93,Analógico,2023-03-29,0,Pendiente,12.92
354,Oeste,Comercial,,134.73,Analógico,2023-10-26,0,Pendiente,12.88
355,Sur,Residencial,133.08,72.15,,2023-12-17,0,Pagado,18.89
356,Este,Residencial,209.69,149.62,Digital,2023-02-21,0,Pagado,11.03
357,Oeste,Comercial,217.05,134.94,,2023-05-24,0,Pagado,28.42
358,Centro,Comercial,199.55,80.24,Analógico,2023-11-22,0,Pagado,16.31
359,Norte,Residencial,138.73,97.72,,2023-05-09,0,Vencido,-9.07
360,Centro,Residencial,129.63,53.68,Analógico,2024-08-03,0,Pagado,16.25
361,Oeste,Residencial,,124.35,Digital,2024-01-17,0,Pagado,9.61
362,Oeste,Comercial,267.95,128.88,Digital,2023-03-16,0,Pendiente,3.69
363,Oeste,Residencial,220.77,172.91,Analógico,2023-07-17,1,Pendiente,7.63
364,Centro,Residencial,152.2,83.28,Analógico,2024-01-26,0,Vencido,21.09
365,Oeste,Comercial,237.88,126.26,Digital,2023-08-01,0,Pagado,33.29
366,Centro,Comercial,-33.64,-15.46,Digital,2023-05-06,0,Pagado,23.13
367,Oeste,Residencial,266.16,139.0,Digital,2024-03-24,0,Pagado,13.93
368,Este,Comercial,49.52,37.17,Analógico,2023-11-22,0,Pagado,24.56
369,Oeste,Residencial,152.82,122.03,Digital,2024-02-25,0,Pagado,15.41
370,Centro,Comercial,,52.55,Analógico,2023-06-14,1,Pagado,13.05
371,Sur,Residencial,82.9,48.04,Digital,2023-10-10,0,Pendiente,8.46
372,Oeste,Residencial,267.06,183.96,Digital,2024-04-26,0,Pagado,2.48
373,Sur,Comercial,144.92,109.34,Analógico,2024-07-10,0,Pagado,16.1
374,Este,Residencial,205.99,131.26,Analógico,2024-03-21,0,Pagado,21.58
375,Norte,Residencial,176.48,98.23,Analógico,2024-04-21,0,Pagado,19.03
376,Este,Comercial,215.78,121.93,Analógico,2023-06-12,0,Pagado,15.84
377,Oeste,Comercial,185.76,125.99,Analógico,2024-05-24,0,Pendiente,10.54
378,Sur,Residencial,83.78,33.62,Analógico,2023-08-09,0,Pagado,26.08
379,Sur,Residencial,254.72,,Digital,2023-08-18,0,Pendiente,6.83
380,Centro,Residencial,142.97,77.52,Digital,2023-10-11,0,Pagado,27.76
381,Sur,Residencial,63.26,45.4,Analógico,2024-01-09,0,Pendiente,9.98
382,Centro,Residencial,,64.66,Digital,2024-01-09,1,Pagado,12.48
383,Norte,Residencial,292.56,185.86,Analógico,2023-12-01,0,Pagado,5.33
384,Oeste,Comercial,243.77,144.41,Digital,2023-05-26,1,Pagado,14.99
385,Centro,Residencial,153.85,101.07,Analógico,2024-06-10,0,Pendiente,29.75
386,Norte,Residencial,153.81,65.51,Digital,2023-04-10,0,Pagado,25.16
387,Sur,Residencial,155.88,,Digital,2023-03-23,0,Pagado,29.78
388,Sur,Comercial,335.76,209.71,Digital,2023-07-28,0,Vencido,25.22
389,Norte,Residencial,208.65,130.25,Digital,2023-02-09,0,Pendiente,8.96
390,Sur,Residencial,212.25,136.14,,2024-01-28,0,Pagado,16.69
391,Norte,Residencial,257.27,172.52,Digital,2024-02-18,0,Pagado,12.2
392,Centro,Residencial,197.91,142.89,Analógico,2023-03-07,0,Pagado,33.31
393,Centro,Residencial,160.57,81.56,Analógico,2024-07-09,0,Pagado,8.03
394,Norte,Comercial,165.27,120.65,Analógico,2023-01-02,0,Pagado,28.94
395,Centro,Comercial,174.63,104.66,Digital,2024-05-27,1,Vencido,28.93
396,Centro,Residencial,177.21,,Analógico,2023-05-24,0,Vencido,38.3
397,Centro,Residencial,234.57,99.32,Digital,2023-10-21,0,Pagado,15.9
398,Este,Comercial,183.9,,Digital,2023-03-07,0,Pagado,27.12
399,Oeste,Comercial,234.95,167.74,Digital,2024-04-16,0,Pagado,42.82
400,Sur,Residencial,173.95,118.82,Digital,2023-01-24,0,Vencido,13.82
401,Este,Residencial,,133.0,,2023-09-04,0,Vencido,4.65
402,Centro,Residencial,30.13,18.29,Analógico,2024-05-12,0,Pagado,1.2
403,Norte,Residencial,248.72,143.28,,2024-04-02,0,Pendiente,27.13
404,Centro,Comercial,205.99,94.55,Analógico,2023-09-08,0,Pagado,1.17
405,Oeste,Comercial,254.85,135.4,Analógico,2023-08-03,0,Pagado,16.28
406,Centro,Comercial,-37.22,-21.35,,2023-11-16,1,Pagado,24.37
407,Norte,Residencial,336.63,146.58,Analógico,2023-06-10,0,Pagado,21.85
408,Oeste,Residencial,169.53,82.77,Digital,2023-06-10,0,Pagado,24.25
409,Centro,Industrial,263.11,168.2,,2023-03-16,0,Pagado,22.22
410,Oeste,Comercial,102.01,70.82,Analógico,2024-07-14,0,Pagado,32.79
411,Sur,Residencial,225.96,180.62,Digital,2024-02-05,1,Vencido,10.48
412,Sur,Comercial,100.99,78.09,Analógico,2023-03-29,0,Pagado,13.23
413,Centro,Comercial,133.22,87.53,Digital,2023-03-13,0,Pagado,12.27
414,Oeste,Residencial,323.55,183.94,Digital,2024-01-10,1,Pagado,28.3
415,Norte,Residencial,165.7,108.45,,2023-09-07,0,Pagado,29.0
416,Centro,Residencial,196.31,,Digital,2023-04-08,0,Pagado,24.51
417,Sur,Residencial,245.26,109.71,Digital,2024-06-13,0,Pagado,31.83
418,Sur,Residencial,217.18,122.48,Digital,2024-04-15,0,Pagado,8.22
419,Centro,Comercial,191.28,140.77,,2024-02-22,0,Pagado,36.67
420,Oeste,Residencial,207.37,114.79,Digital,2023-01-10,1,Pagado,35.23
421,Sur,Residencial,360.26,226.51,Digital,2023-11-20,1,Pagado,27.36
422,Oeste,Residencial,175.68,111.58,Analógico,2023-12-21,0,Pagado,37.82
423,Sur,Residencial,195.08,92.43,Analógico,2024-07-20,0,Pagado,3.43
424,Sur,Comercial,258.8,141.02,Analógico,2024-06-17,0,Pagado,14.76
425,Este,Residencial,262.91,140.34,Digital,2024-03-07,1,Pendiente,12.65
426,Sur,Residencial,269.03,110.43,Digital,2024-07-06,0,Pagado,27.21
427,Norte,Comercial,227.9,93.37,Analógico,2023-11-15,0,Pagado,9.5
428,Centro,Residencial,94.27,69.07,Digital,2024-02-16,0,Pendiente,27.57
429,Centro,Residencial,302.51,154.05,Digital,2023-08-14,0,Pagado,33.71
430,Oeste,Residencial,94.02,57.09,Digital,2024-04-01,0,Pagado,26.95
431,Sur,Residencial,202.7,105.3,Digital,2023-04-19,0,Pendiente,22.84
432,Norte,Residencial,123.43,,Digital,2024-08-01,0,Pendiente,10.12
433,Oeste,Residencial,175.19,88.25,Analógico,2023-03-17,0,Vencido,11.53
434,Este,Residencial,204.66,117.04,Digital,2023-04-21,0,Pagado,32.5
435,Oeste,Comercial,204.1,,Analógico,2024-01-24,0,Pagado,27.79
436,Oeste,Residencial,211.64,,Digital,2023-10-09,1,Pagado,19.61
437,Sur,Residencial,301.03,142.82,Analógico,2023-12-15,0,Pagado,15.82
438,Este,Residencial,214.02,154.32,,2023-09-12,0,Pagado,-0.26
439,Oeste,Residencial,161.69,94.31,Digital,2024-01-17,0,Pagado,9.29
440,Norte,Residencial,252.31,149.67,Analógico,2023-08-07,0,Vencido,39.11
441,Norte,Residencial,269.21,122.06,Digital,2024-07-21,0,Pagado,7.2
442,Centro,Industrial,87.93,38.01,Digital,2023-06-12,1,Pagado,21.89
443,Este,Residencial,224.81,155.38,Digital,2024-01-13,0,Pagado,30.07
444,Este,Residencial,,139.22,Digital,2023-03-27,0,Pagado,7.45
445,Centro,Residencial,157.68,90.63,Digital,2023-08-20,0,Pagado,21.85
446,Oeste,Industrial,283.18,195.9,,2023-08-24,1,Pagado,29.38
447,Este,Residencial,168.75,119.17,Analógico,2023-07-14,0,Pagado,20.12
448,Norte,Residencial,189.42,87.81,Analógico,2023-07-20,0,Pagado,48.68
449,Norte,Residencial,167.02,107.58,Digital,2024-03-25,0,Pendiente,3.31
450,Sur,Comercial,181.17,82.28,Analógico,2023-12-04,0,Pendiente,30.59
451,Este,Residencial,97.78,68.5,Digital,2023-05-02,0,Pagado,18.27
452,Oeste,Comercial,72.0,47.72,Digital,2024-07-08,1,Pagado,27.72
453,Centro,Residencial,299.59,234.47,Digital,2024-03-14,0,Pendiente,24.41
454,Centro,Residencial,116.48,49.8,Digital,2024-08-05,0,Pendiente,12.67
455,Oeste,Residencial,105.65,44.67,Digital,2023-12-13,0,Pagado,22.29
456,Sur,Residencial,18.5,9.49,Digital,2023-07-20,1,Pagado,1.42
457,Centro,Residencial,132.08,66.66,Digital,2024-03-02,0,Pagado,26.03
458,Este,Residencial,80.77,40.29,Digital,2023-04-30,0,Pendiente,22.98
459,Sur,Comercial,,231.15,Digital,2023-10-29,0,Vencido,26.39
460,Este,Residencial,255.74,127.82,Digital,2024-07-29,0,Pagado,30.58
461,Norte,Residencial,128.39,65.32,Analógico,2024-07-29,0,Pendiente,23.68
462,Sur,Residencial,348.93,,Analógico,2024-03-26,0,Pagado,21.48
463,Centro,Residencial,253.63,147.08,Digital,2023-01-15,1,Vencido,11.19
464,Sur,Residencial,155.64,,Digital,2023-01-14,0,Pagado,12.88
465,Sur,Residencial,-7.46,-3.18,,2023-01-04,0,Pendiente,31.87
466,Sur,Residencial,351.82,209.34,Digital,2024-02-02,0,Pagado,34.36
467,Sur,Comercial,,31.33,Analógico,2024-08-08,0,Pagado,17.62
468,Este,Comercial,56.6,24.06,Digital,2024-04-14,0,Pagado,20.46
469,Norte,Residencial,256.69,195.75,Digital,2023-03-30,0,Vencido,10.95
470,Oeste,Residencial,362.98,165.41,Digital,2024-02-16,0,Pendiente,31.73
471,Sur,Residencial,283.82,173.97,Digital,2024-07-23,0,Pendiente,26.65
472,Centro,Residencial,222.29,125.47,Digital,2023-01-03,0,Vencido,39.41
473,Sur,Residencial,224.61,121.05,Analógico,2023-11-08,0,Pagado,11.22
474,Centro,Residencial,244.01,185.43,Digital,2023-05-07,0,Pagado,16.22
475,Este,Comercial,236.92,96.84,,2023-11-27,0,Pagado,22.31
476,Centro,Residencial,201.09,133.83,Digital,2024-05-18,0,Pagado,26.46
477,Oeste,Residencial,187.82,147.51,,2024-07-27,0,Pagado,17.84
478,Norte,Residencial,,,Analógico,2023-03-26,0,Pagado,11.27
479,Centro,Residencial,123.45,95.64,,2024-05-15,0,Pagado,28.81
480,Centro,Residencial,158.95,66.9,Analógico,2023-06-12,0,Pagado,27.21
481,Norte,Residencial,53.03,30.1,Digital,2024-04-22,0,Pagado,10.84
482,Oeste,Residencial,172.62,87.01,Analógico,2023-01-07,0,Pagado,33.55
483,Sur,Comercial,105.86,73.29,Analógico,2023-03-13,1,Vencido,31.7
484,Centro,Residencial,,77.06,Digital,2024-03-18,0,Pendiente,21.34
485,Norte,Residencial,193.49,97.25,Analógico,2024-03-10,0,Vencido,20.8
486,Este,Residencial,284.4,188.18,Digital,2023-01-14,0,Pagado,25.54
487,Norte,Residencial,248.87,119.27,Digital,2023-03-31,0,Pagado,11.38
488,Este,Residencial,62.21,38.95,Digital,2023-04-08,0,Pendiente,20.3
489,Oeste,Comercial,105.78,61.94,Analógico,2023-03-06,0,Pagado,-1.52
490,Sur,Comercial,250.56,197.64,Analógico,2024-08-22,0,Pagado,28.76
491,Norte,Comercial,106.31,68.4,Digital,2023-08-02,0,Pagado,4.39
492,Centro,Residencial,163.15,88.07,Digital,2024-02-10,0,Pagado,35.03
493,Oeste,Residencial,221.25,98.6,Digital,2023-03-31,0,Pagado,16.7
494,Norte,Residencial,107.37,49.44,Analógico,2024-07-11,1,Pagado,17.88
495,Centro,Residencial,187.9,92.09,Digital,2023-04-05,0,Pagado,13.72
496,Norte,Comercial,79.95,40.01,Digital,2023-11-18,0,Pagado,17.12
497,Este,Residencial,134.9,99.86,Digital,2023-11-21,0,Pagado,34.19
498,Norte,Residencial,203.98,127.38,Digital,2023-11-30,1,Pendiente,-4.88
499,Norte,Residencial,60.53,36.88,Digital,2024-08-19,0,Pagado,32.77
500,Norte,Residencial,,95.0,Digital,2024-08-12,0,Pagado,23.38
